"Table 2.1b: Annual Mean Concentrations of PM2.5 in the UK at urban background monitoring sites, 2009 to 2024",,,,,
[z] is shorthand for 'Not Applicable',,,,,
Year,Site,Annual Mean PM2.5 concentration (µg/m3)[note 1],95% confidence interval for 'All sites' (+/-)[note 3],Data capture (%),Measurement Frequency[note 4]
2009,All sites (mean),12.3933081899161,0.626062170751266,[z],[z]
2010,All sites (mean),12.9730330496344,0.812720694156802,[z],[z]
2011,All sites (mean),13.7048403424797,0.893151641790071,[z],[z]
2012,All sites (mean),12.5614728524452,0.768436234500607,[z],[z]
2013,All sites (mean),12.0871967621022,0.675479966840495,[z],[z]
2014,All sites (mean),12.0797546640345,0.716146312233226,[z],[z]
2015,All sites (mean),9.77160567877203,0.528071547229701,[z],[z]
2016,All sites (mean),9.78956439612228,0.548507070819391,[z],[z]
2017,All sites (mean),9.41469919605692,0.535408583808683,[z],[z]
2018,All sites (mean),9.92569218276865,0.466330617288385,[z],[z]
2019,All sites (mean),9.88070649204144,0.432352850396537,[z],[z]
2020,All sites (mean),7.88340429542889,0.418183507795081,[z],[z]
2021,All sites (mean),7.92325059802345,0.384731927408049,[z],[z]
2022,All sites (mean),8.25449616475009,0.363337492107003,[z],[z]
2023,All sites (mean),7.23438023110611,0.268663698144713,[z],[z]
2024,All sites (mean),7.15113554252513,0.198937950086172,[z],[z]
2009,Aberdeen,6.92539562923888,[z],60.5936073059361,Hourly
2010,Aberdeen,7.0740793605481,[z],79.9771689497717,Hourly
2011,Aberdeen,8.48466566113625,[z],90.8219178082192,Hourly
2012,Aberdeen,8.51022096183386,[z],96.3456284153005,Hourly
2013,Aberdeen,8.5903216937036,[z],83.0365296803653,Hourly
2014,Aberdeen,10.203896787783,[z],86.7123287671233,Hourly
2015,Aberdeen,8.03882703262558,[z],88.1735159817352,Hourly
2016,Aberdeen,5.37180378987767,[z],94.9225865209472,Hourly
2017,Aberdeen,5.78143078204976,[z],95.9018264840183,Hourly
2018,Aberdeen,6.87081821374225,[z],97.5228310502283,Hourly
2019,Aberdeen,7.25623867659626,[z],93.5045662100457,Hourly
2020,Aberdeen,5.01824260760361,[z],99.7153916211293,Hourly
2021,Aberdeen,5.72332402234637,[z],69.4748858447489,Hourly
2021,Aberdeen Erroll Park,4.53251042611061,[z],25.1826484018265,Hourly
2022,Aberdeen Erroll Park,5.95263921882138,[z],99.9543378995434,Hourly
2023,Aberdeen Erroll Park,5.22610317270992,[z],95.7077625570776,Hourly
2024,Aberdeen Erroll Park,5.46105671812464,[z],99.5560109289617,Hourly
2023,Barnsley Gawber,6.90757766387077,[z],73.4931506849315,Hourly
2024,Barnsley Gawber,7.13324891378916,[z],99.5673952641166,Hourly
2009,Belfast Centre,12.2894388565379,[z],86.2557077625571,Hourly
2010,Belfast Centre,13.5088959585248,[z],96.8835616438356,Hourly
2011,Belfast Centre,13.9686529229031,[z],80.8447488584475,Hourly
2012,Belfast Centre,10.3523709413688,[z],97.4726775956284,Hourly
2013,Belfast Centre,11.5633861075453,[z],80.0342465753425,Hourly
2014,Belfast Centre,10.800491976104,[z],97.4543378995434,Hourly
2015,Belfast Centre,9.0300035465185,[z],96.5639269406393,Hourly
2016,Belfast Centre,9.55477758112094,[z],96.4822404371585,Hourly
2017,Belfast Centre,8.71062824752008,[z],96.6666666666667,Hourly
2018,Belfast Centre,10.0142647556846,[z],94.3835616438356,Hourly
2019,Belfast Centre,10.6171966852259,[z],88.162100456621,Hourly
2020,Belfast Centre,6.81808395033603,[z],99.9430783242259,Hourly
2021,Belfast Centre,7.37887015971504,[z],99.3493150684932,Hourly
2022,Belfast Centre,7.90290985548448,[z],96.3698630136986,Hourly
2023,Belfast Centre,6.86752341786612,[z],99.9315068493151,Hourly
2024,Belfast Centre,7.4026105982906,[z],99.8975409836066,Hourly
2011,Birmingham Acocks Green,8.90473390179359,[z],38.824200913242,Hourly
2012,Birmingham Acocks Green,11.1948217810287,[z],98.0532786885246,Hourly
2013,Birmingham Acocks Green,12.6680947150006,[z],93.527397260274,Hourly
2014,Birmingham Acocks Green,12.4353105373343,[z],98.1506849315068,Hourly
2015,Birmingham Acocks Green,8.99607454863133,[z],98.0022831050228,Hourly
2016,Birmingham Acocks Green,10.2270339675499,[z],97.5295992714025,Hourly
2017,Birmingham Acocks Green,10.7405978538579,[z],89.3607305936073,Hourly
2018,Birmingham Acocks Green,9.2927453271028,[z],97.7168949771689,Hourly
2019,Birmingham Acocks Green,8.65211767469172,[z],97.203196347032,Hourly
2020,Birmingham Acocks Green,7.87877724026722,[z],98.8387978142077,Hourly
2021,Birmingham Acocks Green,7.57461915034849,[z],68.7899543378995,Hourly
2018,Birmingham Ladywood,10.13456,[z],35.6735159817352,Hourly
2019,Birmingham Ladywood,10.1019540979572,[z],92.7625570776256,Hourly
2020,Birmingham Ladywood,7.21935750113999,[z],99.8633879781421,Hourly
2021,Birmingham Ladywood,7.38409565714286,[z],99.8858447488584,Hourly
2022,Birmingham Ladywood,7.64581989708405,[z],99.8287671232877,Hourly
2023,Birmingham Ladywood,6.80939032409582,[z],97.2146118721461,Hourly
2024,Birmingham Ladywood,6.75902862772369,[z],98.224043715847,Hourly
2009,Birmingham Tyburn,13.5729768786127,[z],94.7945205479452,Hourly
2010,Birmingham Tyburn,21.32568359375,[z],23.37899543379,Hourly
2011,Birmingham Tyburn,15.6414279545127,[z],79.3036529680365,Hourly
2012,Birmingham Tyburn,13.5871517384297,[z],98.884335154827,Hourly
2013,Birmingham Tyburn,14.1622654621265,[z],82.134703196347,Hourly
2014,Birmingham Tyburn,13.4757240404992,[z],96.9634703196347,Hourly
2015,Birmingham Tyburn,9.54539922103213,[z],93.7899543378995,Hourly
2016,Birmingham Tyburn,11.1894793152639,[z],95.7650273224044,Hourly
2017,Birmingham Tyburn,12.0111426947129,[z],40.1598173515982,Hourly
2023,Blackburn Audley Park,6.96945264957265,[z],33.3904109589041,Hourly
2024,Blackburn Audley Park,7.04817463759845,[z],99.738160291439,Hourly
2009,Blackpool Marton,8.60098387537579,[z],83.5388127853881,Hourly
2010,Blackpool Marton,12.1318214032601,[z],16.1073059360731,Hourly
2011,Blackpool Marton,11.042802303263,[z],59.4748858447489,Hourly
2012,Blackpool Marton,8.49723664377826,[z],67.9758652094718,Hourly
2014,Blackpool Marton,10.2951289398281,[z],67.7283105022831,Hourly
2015,Blackpool Marton,8.47752269779507,[z],88.013698630137,Hourly
2016,Blackpool Marton,7.83742391039688,[z],93.5109289617486,Hourly
2017,Blackpool Marton,7.34121226304704,[z],97.5570776255708,Hourly
2018,Blackpool Marton,8.50964721845319,[z],84.1324200913242,Hourly
2019,Blackpool Marton,9.17583155080214,[z],85.3881278538813,Hourly
2020,Blackpool Marton,8.19607717004931,[z],99.2827868852459,Hourly
2021,Blackpool Marton,7.33987557286893,[z],99.634703196347,Hourly
2022,Blackpool Marton,7.89015281746485,[z],99.8744292237443,Hourly
2023,Blackpool Marton,7.01180317569111,[z],99.9315068493151,Hourly
2024,Blackpool Marton,7.50069807451293,[z],99.9203096539162,Hourly
2022,Borehamwood Meadow Park,7.33672378290925,[z],77.6141552511416,Hourly
2023,Borehamwood Meadow Park,6.91442033898305,[z],97.6598173515982,Hourly
2024,Borehamwood Meadow Park,6.90989339196577,[z],95.787795992714,Hourly
2009,Bournemouth,9.39367816091954,[z],95.3424657534246,Daily
2010,Bournemouth,9.07539682539683,[z],69.041095890411,Daily
2011,Bournemouth,8.97972972972973,[z],81.0958904109589,Daily
2012,Bournemouth,9.15652173913043,[z],94.2622950819672,Daily
2013,Bournemouth,9.18351123595506,[z],97.5342465753425,Daily
2014,Bournemouth,8.16803225806452,[z],84.9315068493151,Daily
2015,Bournemouth,7.48696132596685,[z],99.1780821917808,Daily
2016,Bournemouth,7.48936647727273,[z],96.1748633879781,Daily
2017,Bournemouth,7.53079401993355,[z],82.4657534246575,Daily
2017,Bournemouth,12.8168224299065,[z],12.2146118721461,Hourly
2018,Bournemouth,10.5251635930993,[z],95.9474885844749,Hourly
2019,Bournemouth,10.8196585250178,[z],96.2785388127854,Hourly
2020,Bournemouth,9.73548231317156,[z],94.2964480874317,Hourly
2021,Bournemouth,10.6873276585541,[z],95.2168949771689,Hourly
2022,Bournemouth,10.2696655956206,[z],95.9246575342466,Hourly
2023,Bournemouth,8.73539320506576,[z],93.7442922374429,Hourly
2024,Bournemouth,7.56638921369765,[z],95.4121129326047,Hourly
2009,Brighton Preston Park,11.1028938906752,[z],85.2054794520548,Daily
2010,Brighton Preston Park,10.5739910313901,[z],61.0958904109589,Daily
2011,Brighton Preston Park,12.1045296167247,[z],78.6301369863014,Daily
2012,Brighton Preston Park,10.8508287292818,[z],98.9071038251366,Daily
2013,Brighton Preston Park,11.1798599439776,[z],97.8082191780822,Daily
2014,Brighton Preston Park,9.55932584269663,[z],97.5342465753425,Daily
2015,Brighton Preston Park,9.31876160990712,[z],88.4931506849315,Daily
2016,Brighton Preston Park,9.01902830188679,[z],86.8852459016393,Daily
2017,Brighton Preston Park,8.91593895348837,[z],94.2465753424658,Daily
2018,Brighton Preston Park,8.8899299719888,[z],97.8082191780822,Daily
2019,Brighton Preston Park,12.416125,[z],39.4520547945205,Daily
2020,Brighton Preston Park,9.21158098396904,[z],41.1885245901639,Hourly
2021,Brighton Preston Park,11.7481601148806,[z],63.5958904109589,Hourly
2022,Brighton Preston Park,11.1314673452078,[z],94.2123287671233,Hourly
2023,Brighton Preston Park,9.83199530056785,[z],58.2990867579909,Hourly
2024,Brighton Preston Park,8.0208937670047,[z],92.0537340619308,Hourly
2009,Bristol St Paul's,13.3441764132554,[z],93.6986301369863,Hourly
2010,Bristol St Paul's,14.2112659283077,[z],95.8561643835616,Hourly
2011,Bristol St Paul's,14.6888038513764,[z],92.4771689497717,Hourly
2012,Bristol St Paul's,13.262993910211,[z],80.3847905282332,Hourly
2013,Bristol St Paul's,12.8094346701164,[z],97.0662100456621,Hourly
2014,Bristol St Paul's,13.1472439984258,[z],58.013698630137,Hourly
2015,Bristol St Paul's,10.2467500911189,[z],93.9611872146119,Hourly
2016,Bristol St Paul's,11.6608348843393,[z],85.6329690346084,Hourly
2017,Bristol St Paul's,9.65290660534049,[z],89.3493150684932,Hourly
2018,Bristol St Paul's,12.0379162498214,[z],79.8744292237443,Hourly
2019,Bristol St Paul's,10.7965765285733,[z],85.6963470319635,Hourly
2020,Bristol St Paul's,9.66019653038942,[z],93.8410746812386,Hourly
2021,Bristol St Paul's,8.32935052644032,[z],96.4954337899543,Hourly
2022,Bristol St Paul's,8.38505191982613,[z],94.5433789954338,Hourly
2023,Bristol St Paul's,8.24112843355605,[z],76.8835616438356,Hourly
2024,Bristol St Paul's,7.10416666666667,[z],93.9890710382514,Hourly
2022,Burton-on-Trent Horninglow,6.78765737593474,[z],50.3767123287671,Hourly
2023,Burton-on-Trent Horninglow,7.15248113534095,[z],98.9383561643835,Hourly
2024,Burton-on-Trent Horninglow,7.16870160647146,[z],99.9203096539162,Hourly
2022,Canterbury,7.2276801260587,[z],57.9566210045662,Hourly
2023,Canterbury,8.61969769397069,[z],95.0456621004566,Hourly
2024,Canterbury,7.7720336695747,[z],83.5154826958106,Hourly
2009,Cardiff Centre,12.5318520269472,[z],96.5867579908676,Hourly
2010,Cardiff Centre,13.8003500269251,[z],84.7945205479452,Hourly
2011,Cardiff Centre,13.245810914681,[z],74.2579908675799,Hourly
2012,Cardiff Centre,12.3147493573265,[z],70.856102003643,Hourly
2013,Cardiff Centre,13.51017808558,[z],92.3059360730594,Hourly
2014,Cardiff Centre,11.6486976083353,[z],96.4155251141553,Hourly
2015,Cardiff Centre,9.55910006715917,[z],84.9885844748858,Hourly
2016,Cardiff Centre,9.66219835907336,[z],94.3533697632058,Hourly
2017,Cardiff Centre,9.08364394310937,[z],93.1050228310502,Hourly
2018,Cardiff Centre,10.1557786991449,[z],88.1050228310502,Hourly
2019,Cardiff Centre,11.7942383160899,[z],63.9954337899543,Hourly
2020,Cardiff Centre,7.44739522130826,[z],87.1926229508197,Hourly
2021,Cardiff Centre,8.54113848361636,[z],95.4566210045662,Hourly
2022,Cardiff Centre,10.5499586923168,[z],96.7237442922374,Hourly
2023,Cardiff Centre,9.7274182483421,[z],49.9200913242009,Hourly
2024,Cardiff Centre,8.03567996155694,[z],94.7632058287796,Hourly
2009,Chesterfield,13.6465253094742,[z],93.1392694063927,Hourly
2010,Chesterfield,13.059649122807,[z],94.3493150684932,Hourly
2011,Chesterfield,14.1186420629288,[z],96.5068493150685,Hourly
2012,Chesterfield,12.4590835713399,[z],91.6780510018215,Hourly
2013,Chesterfield,11.7151495126384,[z],69.0981735159817,Hourly
2014,Chesterfield,13.8833172922682,[z],35.5821917808219,Hourly
2015,Chesterfield Loundsley Green,7.77912544519193,[z],57.6940639269406,Hourly
2016,Chesterfield Loundsley Green,10.2145764374157,[z],92.8620218579235,Hourly
2017,Chesterfield Loundsley Green,8.71187257552604,[z],97.1118721461187,Hourly
2018,Chesterfield Loundsley Green,9.58675870348139,[z],95.0913242009132,Hourly
2019,Chesterfield Loundsley Green,8.36643621292579,[z],88.1392694063927,Hourly
2020,Chesterfield Loundsley Green,6.86611832365334,[z],99.9658469945355,Hourly
2021,Chesterfield Loundsley Green,6.5418854368932,[z],99.9429223744292,Hourly
2022,Chesterfield Loundsley Green,7.19110967668228,[z],99.9200913242009,Hourly
2023,Chesterfield Loundsley Green,6.56251724925748,[z],99.9315068493151,Hourly
2024,Chesterfield Loundsley Green,6.67125802032195,[z],99.7153916211293,Hourly
2014,Coventry Allesley,12.0900129421915,[z],52.9223744292237,Hourly
2015,Coventry Allesley,10.9396530662106,[z],93.4474885844749,Hourly
2016,Coventry Allesley,10.3745805467558,[z],97.0286885245902,Hourly
2017,Coventry Allesley,11.3808266634811,[z],95.5593607305936,Hourly
2018,Coventry Allesley,10.6345566860465,[z],94.2465753424658,Hourly
2019,Coventry Allesley,9.09717486669898,[z],94.2009132420091,Hourly
2020,Coventry Allesley,7.27197750114207,[z],99.6812386156649,Hourly
2021,Coventry Allesley,7.38545700988947,[z],98.1164383561644,Hourly
2022,Coventry Allesley,7.40244800275482,[z],99.4520547945205,Hourly
2023,Coventry Allesley,6.85250760086867,[z],99.8744292237443,Hourly
2024,Coventry Allesley,6.63916255119953,[z],97.2791438979964,Hourly
2009,Coventry Memorial Park,13.0999357739242,[z],88.8698630136986,Hourly
2010,Coventry Memorial Park,12.2766789328427,[z],99.2694063926941,Hourly
2011,Coventry Memorial Park,10.0548363897878,[z],63.4931506849315,Hourly
2012,Coventry Memorial Park,9.55041152263374,[z],22.1311475409836,Hourly
2013,Coventry Memorial Park,12.6758634378722,[z],57.5114155251142,Hourly
2014,Coventry Memorial Park,11.9576646893537,[z],36.5639269406393,Hourly
2022,Crewe Coppenhall,6.79360804490178,[z],48.8127853881279,Hourly
2023,Crewe Coppenhall,6.63013789933349,[z],99.337899543379,Hourly
2024,Crewe Coppenhall,7.0780264749515,[z],99.7609289617486,Hourly
2023,Derby Stockbrook Park,6.3144565701559,[z],10.2511415525114,Hourly
2024,Derby Stockbrook Park,7.00094738048836,[z],99.3055555555556,Hourly
2009,Derry,8.26565008025682,[z],14.2237442922374,Hourly
2010,Derry,19.3437798585897,[z],59.7374429223744,Hourly
2011,Derry,14.2051759834369,[z],55.1369863013699,Hourly
2012,Derry,15.0002414001207,[z],94.3192167577414,Hourly
2013,Derry,11.4893225661732,[z],76.3356164383562,Hourly
2014,Derry,11.9673055521207,[z],92.3173515981735,Hourly
2015,Derry,11.7525367472736,[z],96.3013698630137,Hourly
2016,Derry,14.144131097561,[z],14.936247723133,Hourly
2016,Derry Rosemount,9.36539513922421,[z],70.7308743169399,Hourly
2017,Derry Rosemount,8.01932903533906,[z],95.6164383561644,Hourly
2018,Derry Rosemount,9.6746445214482,[z],95.5365296803653,Hourly
2019,Derry Rosemount,9.40149029258956,[z],83.4931506849315,Hourly
2020,Derry Rosemount,6.71532248624605,[z],97.2563752276867,Hourly
2021,Derry Rosemount,7.15609756097561,[z],95.9474885844749,Hourly
2022,Derry Rosemount,8.53274643669901,[z],95.3082191780822,Hourly
2023,Derry Rosemount,7.60147378593863,[z],94.4977168949772,Hourly
2024,Derry Rosemount,8.15348375898835,[z],91.8260473588342,Hourly
2022,Dewsbury Ashworth Grange,6.87190952380952,[z],50.3424657534247,Hourly
2023,Dewsbury Ashworth Grange,7.42219896788991,[z],99.5433789954338,Hourly
2024,Dewsbury Ashworth Grange,7.96862179244091,[z],90.0614754098361,Hourly
2009,Eastbourne,10.1921728971963,[z],39.0867579908676,Hourly
2010,Eastbourne,13.4144495972663,[z],93.5388127853881,Hourly
2011,Eastbourne,16.3662561003951,[z],98.2420091324201,Hourly
2012,Eastbourne,15.6541900107283,[z],95.5031876138434,Hourly
2013,Eastbourne,15.2750636426753,[z],98.6529680365297,Hourly
2014,Eastbourne,12.2349758890898,[z],75.7534246575343,Hourly
2015,Eastbourne,10.3780496357784,[z],67.3858447488584,Hourly
2016,Eastbourne,12.7073245952197,[z],73.8274134790528,Hourly
2017,Eastbourne,11.3436173995496,[z],96.3127853881278,Hourly
2018,Eastbourne,12.7091372068603,[z],97.8424657534247,Hourly
2019,Eastbourne,10.4921318770227,[z],98.7671232876712,Hourly
2020,Eastbourne,8.70843815149409,[z],98.292349726776,Hourly
2021,Eastbourne,8.37945185269899,[z],99.8173515981735,Hourly
2022,Eastbourne,8.89200720018886,[z],96.7123287671233,Hourly
2023,Eastbourne,7.82781237303786,[z],61.8150684931507,Hourly
2024,Eastbourne,6.69689507860561,[z],99.931693989071,Hourly
2009,Edinburgh St Leonards,8.45695761796134,[z],95.0799086757991,Hourly
2010,Edinburgh St Leonards,9.48828411032463,[z],93.5388127853881,Hourly
2011,Edinburgh St Leonards,11.6590644635792,[z],98.1050228310502,Hourly
2012,Edinburgh St Leonards,10.9540321297916,[z],71.5733151183971,Hourly
2013,Edinburgh St Leonards,7.51643883631265,[z],97.7054794520548,Hourly
2014,Edinburgh St Leonards,9.10209132101778,[z],65.5022831050228,Hourly
2015,Edinburgh St Leonards,6.38662420382166,[z],86.027397260274,Hourly
2016,Edinburgh St Leonards,6.35023456790123,[z],92.2131147540984,Hourly
2017,Edinburgh St Leonards,6.63660436137072,[z],95.2739726027397,Hourly
2018,Edinburgh St Leonards,6.3095639428362,[z],93.458904109589,Hourly
2019,Edinburgh St Leonards,6.3423531712086,[z],93.4132420091324,Hourly
2020,Edinburgh St Leonards,4.44757303370787,[z],99.2941712204007,Hourly
2021,Edinburgh St Leonards,4.77509865470852,[z],99.2808219178082,Hourly
2022,Edinburgh St Leonards,5.12967789401081,[z],99.3036529680365,Hourly
2023,Edinburgh St Leonards,4.6443112,[z],99.8858447488584,Hourly
2024,Edinburgh St Leonards,5.38260399089326,[z],85.0068306010929,Hourly
2009,Glasgow Centre,11.6578366445916,[z],98.2534246575343,Hourly
2010,Glasgow Centre,12.4375792507205,[z],99.0296803652968,Hourly
2011,Glasgow Centre,10.1695715323166,[z],94.3150684931507,Hourly
2012,Glasgow Centre,9.60656044985942,[z],60.7354280510018,Hourly
2013,Glasgow Townhead,5.35111482720178,[z],20.4794520547945,Hourly
2014,Glasgow Townhead,7.49546560778788,[z],89.12100456621,Hourly
2015,Glasgow Townhead,6.54666337732824,[z],92.5456621004566,Hourly
2016,Glasgow Townhead,6.83874660686888,[z],96.4594717668488,Hourly
2017,Glasgow Townhead,7.73385922047702,[z],98.1164383561644,Hourly
2018,Glasgow Townhead,6.8865084930842,[z],94.0867579908676,Hourly
2019,Glasgow Townhead,6.69833747412008,[z],99.2465753424657,Hourly
2020,Glasgow Townhead,4.95510227923491,[z],99.3966302367942,Hourly
2021,Glasgow Townhead,5.19632464998852,[z],99.4748858447489,Hourly
2022,Glasgow Townhead,5.71189234834559,[z],99.3607305936073,Hourly
2023,Glasgow Townhead,4.86944501836547,[z],99.4520547945205,Hourly
2024,Glasgow Townhead,5.33461595441595,[z],99.8975409836066,Hourly
2022,Hartlepool St Abbs Walk,6.76370525747209,[z],63.4018264840183,Hourly
2023,Hartlepool St Abbs Walk,7.11042713857505,[z],99.0182648401827,Hourly
2024,Hartlepool St Abbs Walk,8.14119537545253,[z],97.4840619307832,Hourly
2022,Honiton,6.60105083260298,[z],78.1506849315069,Hourly
2023,Honiton,6.24733800551471,[z],99.3607305936073,Hourly
2024,Honiton,5.8787328428555,[z],99.0323315118397,Hourly
2009,Hull Freetown,14.0222470792941,[z],91.8493150684932,Hourly
2010,Hull Freetown,9.79116757410768,[z],94.3493150684932,Hourly
2011,Hull Freetown,12.4337702175125,[z],81.8721461187215,Hourly
2012,Hull Freetown,10.7334989354152,[z],96.2431693989071,Hourly
2013,Hull Freetown,12.3589587953776,[z],97.796803652968,Hourly
2014,Hull Freetown,12.3515333013896,[z],95.296803652968,Hourly
2015,Hull Freetown,10.8777736318408,[z],91.7808219178082,Hourly
2016,Hull Freetown,11.242616889313,[z],95.4462659380692,Hourly
2017,Hull Freetown,10.2209832561454,[z],96.1301369863014,Hourly
2018,Hull Freetown,10.6806090304515,[z],97.8424657534247,Hourly
2019,Hull Freetown,10.7573206280714,[z],95.2397260273973,Hourly
2020,Hull Freetown,8.69967780624127,[z],97.7686703096539,Hourly
2021,Hull Freetown,8.29318580615526,[z],99.4063926940639,Hourly
2022,Hull Freetown,9.09098165768658,[z],99.5776255707762,Hourly
2023,Hull Freetown,7.5313489089455,[z],99.9200913242009,Hourly
2024,Hull Freetown,7.95006646904572,[z],99.8520036429873,Hourly
2022,Immingham Woodlands Avenue,6.04624326783115,[z],62.7397260273973,Hourly
2023,Immingham Woodlands Avenue,7.01041730659026,[z],99.6004566210046,Hourly
2024,Immingham Woodlands Avenue,7.01751572112098,[z],99.931693989071,Hourly
2009,Leamington Spa,12.8982950509117,[z],96.4155251141553,Hourly
2010,Leamington Spa,16.030929038282,[z],97.8082191780822,Hourly
2011,Leamington Spa,15.920240280327,[z],68.4132420091324,Hourly
2012,Leamington Spa,11.4063900701069,[z],99.0551001821494,Hourly
2013,Leamington Spa,12.9856244641326,[z],79.8858447488584,Hourly
2014,Leamington Spa,12.9486248236953,[z],97.1232876712329,Hourly
2015,Leamington Spa,12.262141565487,[z],88.37899543379,Hourly
2016,Leamington Spa,10.4923895060269,[z],96.3342440801457,Hourly
2017,Leamington Spa,10.6732974910394,[z],95.5479452054795,Hourly
2018,Leamington Spa,9.80204451971933,[z],94.3607305936073,Hourly
2019,Leamington Spa,9.82677174424071,[z],97.1232876712329,Hourly
2020,Leamington Spa,6.75234332269827,[z],99.9089253187614,Hourly
2021,Leamington Spa,7.1413235534775,[z],97.6598173515982,Hourly
2022,Leamington Spa,7.6158830249029,[z],99.9315068493151,Hourly
2023,Leamington Spa,6.72462037037037,[z],99.8630136986301,Hourly
2024,Leamington Spa,6.69680471687365,[z],99.9203096539162,Hourly
2009,Leeds Centre,13.7038817449826,[z],94.9885844748858,Hourly
2010,Leeds Centre,14.9406730658032,[z],98.7100456621005,Hourly
2011,Leeds Centre,16.077443876945,[z],96.1073059360731,Hourly
2012,Leeds Centre,15.762918690076,[z],91.4275956284153,Hourly
2013,Leeds Centre,13.7339736933195,[z],65.958904109589,Hourly
2014,Leeds Centre,13.0212712560386,[z],94.5205479452055,Hourly
2015,Leeds Centre,11.4333254100309,[z],96.0502283105023,Hourly
2016,Leeds Centre,9.59117859640942,[z],97.6548269581056,Hourly
2017,Leeds Centre,9.83031473031473,[z],97.5684931506849,Hourly
2018,Leeds Centre,11.5313420124103,[z],93.824200913242,Hourly
2019,Leeds Centre,12.3086154958429,[z],94.7374429223744,Hourly
2020,Leeds Centre,7.96494161097432,[z],97.0969945355191,Hourly
2021,Leeds Centre,7.72038473932558,[z],99.189497716895,Hourly
2022,Leeds Centre,8.61592000919435,[z],99.3264840182648,Hourly
2023,Leeds Centre,7.59620169220215,[z],99.8401826484018,Hourly
2024,Leeds Centre,7.6628835443038,[z],94.4330601092896,Hourly
2009,Leicester Centre,15.2517104789341,[z],63.4018264840183,Hourly
2010,Leicester Centre,15.2935906271537,[z],66.2557077625571,Hourly
2011,Leicester Centre,14.4432112467629,[z],92.5684931506849,Hourly
2012,Leicester Centre,14.2612847222222,[z],78.6885245901639,Hourly
2013,Leicester Centre,12.4959206419973,[z],51.2100456621005,Hourly
2013,Leicester University,12.2452775073028,[z],23.4474885844749,Hourly
2014,Leicester University,13.307316783466,[z],96.1073059360731,Hourly
2015,Leicester University,12.019491226004,[z],96.9292237442922,Hourly
2016,Leicester University,11.550549583283,[z],94.2509107468124,Hourly
2017,Leicester University,10.592311276794,[z],97.9908675799087,Hourly
2018,Leicester University,10.4235835859175,[z],97.9223744292238,Hourly
2019,Leicester University,11.2238765373699,[z],96.5296803652968,Hourly
2020,Leicester University,7.48416499481148,[z],98.7363387978142,Hourly
2021,Leicester University,7.48496782749077,[z],98.9954337899543,Hourly
2022,Leicester University,7.93092394914672,[z],99.6689497716895,Hourly
2023,Leicester University,6.92553754305396,[z],99.4292237442922,Hourly
2024,Leicester University,6.80430256410256,[z],99.8975409836066,Hourly
2009,London Bloomsbury,16.3043150081771,[z],90.7420091324201,Hourly
2010,London Bloomsbury,16.3962737843552,[z],86.3926940639269,Hourly
2011,London Bloomsbury,17.4346256840144,[z],98.0479452054795,Hourly
2012,London Bloomsbury,16.1886487111317,[z],98.485883424408,Hourly
2013,London Bloomsbury,11.6866211478133,[z],61.8607305936073,Hourly
2014,London Bloomsbury,14.6018184007707,[z],94.7945205479452,Hourly
2015,London Bloomsbury,10.9285475991898,[z],95.810502283105,Hourly
2016,London Bloomsbury,12.0180193063997,[z],95.525956284153,Hourly
2017,London Bloomsbury,10.9583549872743,[z],94.189497716895,Hourly
2018,London Bloomsbury,10.3594791409529,[z],92.4885844748859,Hourly
2019,London Bloomsbury,10.7505141388175,[z],97.6940639269406,Hourly
2020,London Bloomsbury,9.31745949449125,[z],87.83014571949,Hourly
2021,London Bloomsbury,11.0543130990415,[z],35.7305936073059,Hourly
2022,London Bloomsbury,7.61026029467321,[z],60.4337899543379,Hourly
2023,London Bloomsbury,7.84168041842971,[z],97.1232876712329,Hourly
2024,London Bloomsbury,7.32895190793459,[z],93.9776867030965,Hourly
2009,London Harrow Stanmore,13.4004172461752,[z],82.0776255707763,Hourly
2010,London Harrow Stanmore,12.8341361801849,[z],87.6826484018265,Hourly
2011,London Harrow Stanmore,15.9560772434684,[z],90.4452054794521,Hourly
2012,London Harrow Stanmore,12.2154738878143,[z],88.2855191256831,Hourly
2013,London Harrow Stanmore,13.4695431472081,[z],85.4566210045662,Hourly
2014,London Harrow Stanmore,12.6689158853823,[z],86.4497716894977,Hourly
2015,London Harrow Stanmore,10.8286747578767,[z],93.1164383561644,Hourly
2016,London Harrow Stanmore,11.1736795663683,[z],90.3119307832423,Hourly
2017,London Harrow Stanmore,15.8826542960871,[z],28.2990867579909,Hourly
2022,London Hillingdon,7.23334908456844,[z],65.4680365296804,Hourly
2023,London Hillingdon,7.73572122852436,[z],97.0091324200913,Hourly
2024,London Hillingdon,7.2698889015757,[z],99.7040072859745,Hourly
2019,London Honor Oak Park,9.93329674471731,[z],99.9429223744292,Hourly
2020,London Honor Oak Park,8.7264755499829,[z],99.8747723132969,Hourly
2021,London Honor Oak Park,8.64588512396694,[z],96.689497716895,Hourly
2022,London Honor Oak Park,8.01705249827308,[z],99.1552511415525,Hourly
2023,London Honor Oak Park,7.28632622894465,[z],99.6232876712329,Hourly
2024,London Honor Oak Park,6.70820859526803,[z],99.6015482695811,Hourly
2009,London N. Kensington,11.0895061728395,[z],88.7671232876712,Daily
2010,London N. Kensington,10.8421052631579,[z],88.4931506849315,Daily
2011,London N. Kensington,13.5537974683544,[z],86.5753424657534,Daily
2012,London N. Kensington,11.168115942029,[z],94.2622950819672,Daily
2013,London N. Kensington,11.6639942528736,[z],95.3424657534246,Daily
2014,London N. Kensington,10.4969972451791,[z],99.4520547945205,Daily
2015,London N. Kensington,8.72359116022099,[z],99.1780821917808,Daily
2016,London N. Kensington,7.84870143884892,[z],75.9562841530055,Daily
2009,London N. Kensington,13.8545132743363,[z],96.7465753424658,Hourly
2010,London N. Kensington,13.9594577942083,[z],92.6369863013699,Hourly
2011,London N. Kensington,16.3330426115126,[z],91.62100456621,Hourly
2012,London N. Kensington,14.6081028938907,[z],88.5132058287796,Hourly
2013,London N. Kensington,14.6885908440629,[z],95.7534246575343,Hourly
2014,London N. Kensington,15.8790683874796,[z],76.9520547945205,Hourly
2015,London N. Kensington,10.8578078962876,[z],96.8607305936073,Hourly
2016,London N. Kensington,12.155217338366,[z],93.4995446265938,Hourly
2017,London N. Kensington,11.6035741348825,[z],90.3881278538813,Hourly
2018,London N. Kensington,9.16243377483444,[z],99.9771689497717,Hourly
2019,London N. Kensington,9.57916164163705,[z],99.5776255707762,Hourly
2020,London N. Kensington,8.05113985374772,[z],99.6357012750455,Hourly
2021,London N. Kensington,8.64928062157221,[z],99.9086757990868,Hourly
2022,London N. Kensington,8.87044873579216,[z],98.4246575342466,Hourly
2023,London N. Kensington,7.65809042979943,[z],99.6004566210046,Hourly
2024,London N. Kensington,7.18557684836019,[z],99.6243169398907,Hourly
2009,London Teddington,13.2067452067452,[z],98.8356164383562,Hourly
2010,London Teddington,14.410119047619,[z],76.7123287671233,Hourly
2011,London Teddington,17.4229779937125,[z],79.8858447488584,Hourly
2012,London Teddington,13.6023773452978,[z],97.6889799635701,Hourly
2013,London Teddington,16.7884802835623,[z],51.5296803652968,Hourly
2013,London Teddington Bushy Park,11.2117727272727,[z],25.1141552511416,Hourly
2014,London Teddington Bushy Park,14.1366748920419,[z],37.0091324200913,Hourly
2015,London Teddington Bushy Park,9.67154956956401,[z],82.2146118721461,Hourly
2016,London Teddington Bushy Park,8.99532095901005,[z],88.3196721311475,Hourly
2017,London Teddington Bushy Park,10.419752383663,[z],80.2168949771689,Hourly
2018,London Teddington Bushy Park,11.3687158794208,[z],96.1872146118722,Hourly
2019,London Teddington Bushy Park,11.8218818916932,[z],93.1735159817352,Hourly
2020,London Teddington Bushy Park,7.77017808219178,[z],96.4025500910747,Hourly
2021,London Teddington Bushy Park,8.25196576763486,[z],99.041095890411,Hourly
2022,London Teddington Bushy Park,8.5175178592341,[z],97.4771689497717,Hourly
2023,London Teddington Bushy Park,8.49760472870567,[z],75.3196347031963,Hourly
2009,London Westminster,11.781976744186,[z],94.2465753424658,Daily
2010,London Westminster,12.6418439716312,[z],77.2602739726027,Daily
2011,London Westminster,12.6826347305389,[z],91.5068493150685,Daily
2012,London Westminster,11.6666666666667,[z],74.5901639344262,Daily
2013,London Westminster,11.7458620689655,[z],95.3424657534246,Daily
2014,London Westminster,11.1308011049724,[z],99.1780821917808,Daily
2015,London Westminster,9.59046242774567,[z],94.7945205479452,Daily
2016,London Westminster,9.66784036144578,[z],90.7103825136612,Daily
2017,London Westminster,9.2892005730659,[z],95.6164383561644,Daily
2018,London Westminster,8.41391379310345,[z],15.8904109589041,Daily
2018,London Westminster,11.7577044025157,[z],72.6027397260274,Hourly
2019,London Westminster,12.4537532677704,[z],91.7009132420091,Hourly
2020,London Westminster,11.3545650095602,[z],95.264116575592,Hourly
2021,London Westminster,10.525702247191,[z],81.2785388127854,Hourly
2022,London Westminster,8.90457007917766,[z],82.1803652968036,Hourly
2023,London Westminster,7.80613263608272,[z],96.0502283105023,Hourly
2009,Manchester Piccadilly,11.6213945673481,[z],81.5296803652968,Hourly
2010,Manchester Piccadilly,17.8996920369556,[z],25.9474885844749,Hourly
2011,Manchester Piccadilly,13.7333162546433,[z],89.12100456621,Hourly
2012,Manchester Piccadilly,14.0793127794775,[z],96.7440801457195,Hourly
2013,Manchester Piccadilly,12.5010095183155,[z],79.1552511415525,Hourly
2014,Manchester Piccadilly,11.8580545670225,[z],96.2328767123288,Hourly
2015,Manchester Piccadilly,10.4775497434614,[z],91.2214611872146,Hourly
2016,Manchester Piccadilly,10.205356900068,[z],83.7317850637523,Hourly
2017,Manchester Piccadilly,8.37209415190488,[z],94.0867579908676,Hourly
2018,Manchester Piccadilly,10.8586123825584,[z],94.7716894977169,Hourly
2019,Manchester Piccadilly,11.5030227948464,[z],92.1461187214612,Hourly
2020,Manchester Piccadilly,8.24158988363809,[z],95.8788706739526,Hourly
2021,Manchester Piccadilly,8.8213921140361,[z],99.3036529680365,Hourly
2022,Manchester Piccadilly,9.59007765746886,[z],98.0479452054795,Hourly
2023,Manchester Piccadilly,8.50459245439469,[z],82.6027397260274,Hourly
2024,Manchester Piccadilly,8.53569413813117,[z],78.4608378870674,Hourly
2024,Mansfield Ladybrook,8.84777215189873,[z],28.7795992714025,Hourly
2022,Middlesbrough,8.26315789473684,[z],93.6986301369863,Hourly
2023,Middlesbrough,6.70008239494644,[z],83.1278538812785,Hourly
2024,Middlesbrough,7.5126462816157,[z],90.4713114754098,Hourly
2023,Milton Keynes Civic Centre,6.31740090225564,[z],75.9132420091324,Hourly
2024,Milton Keynes Civic Centre,6.02201138069035,[z],91.0291438979964,Hourly
2009,Newcastle Centre,10.953937947494,[z],95.662100456621,Hourly
2010,Newcastle Centre,10.3917989748719,[z],91.3127853881278,Hourly
2011,Newcastle Centre,11.8109791258217,[z],98.9840182648402,Hourly
2012,Newcastle Centre,9.93880614247777,[z],98.5997267759563,Hourly
2013,Newcastle Centre,10.3833528584817,[z],97.4429223744292,Hourly
2014,Newcastle Centre,9.55097904026475,[z],82.7853881278539,Hourly
2015,Newcastle Centre,10.5015409139214,[z],64.4520547945205,Hourly
2016,Newcastle Centre,8.92535700981001,[z],91.6780510018215,Hourly
2017,Newcastle Centre,6.99427645611157,[z],97.4086757990868,Hourly
2018,Newcastle Centre,8.96537789972562,[z],91.5296803652968,Hourly
2019,Newcastle Centre,8.83276721311475,[z],94.0068493150685,Hourly
2020,Newcastle Centre,7.31576571079927,[z],93.2946265938069,Hourly
2021,Newcastle Centre,7.12352045001758,[z],97.4086757990868,Hourly
2022,Newcastle Centre,6.50093896713615,[z],97.2602739726027,Hourly
2023,Newcastle Centre,6.11819291819292,[z],93.4931506849315,Hourly
2024,Newcastle Centre,6.94844749940744,[z],96.0610200364299,Hourly
2009,Newport,11.8787948482061,[z],99.2694063926941,Hourly
2010,Newport,14.8036214953271,[z],97.7168949771689,Hourly
2011,Newport,16.7881957415017,[z],61.1187214611872,Hourly
2012,Newport,9.70500545388438,[z],93.9321493624772,Hourly
2013,Newport,12.9529028829547,[z],85.9246575342466,Hourly
2014,Newport,12.0209778420039,[z],94.7945205479452,Hourly
2015,Newport,9.56815843005863,[z],95.3995433789954,Hourly
2016,Newport,10.1842559309849,[z],95.0136612021858,Hourly
2017,Newport,11.7827188940092,[z],54.4977168949772,Hourly
2018,Newport,8.09805139530215,[z],56.8607305936073,Hourly
2019,Newport,9.5104680778032,[z],99.7716894977169,Hourly
2020,Newport,7.95075509720247,[z],96.0382513661202,Hourly
2021,Newport,7.16919901635594,[z],99.8059360730594,Hourly
2022,Newport,7.43198987574781,[z],99.2237442922374,Hourly
2023,Newport,7.28537073114829,[z],99.6118721461187,Hourly
2024,Newport,6.90904728267062,[z],99.9203096539162,Hourly
2009,Northampton,9.21551724137931,[z],95.3424657534246,Daily
2010,Northampton,8.96996996996997,[z],91.2328767123288,Daily
2011,Northampton,9.96610169491525,[z],96.986301369863,Daily
2012,Northampton,10.2513966480447,[z],48.9071038251366,Daily
2012,Northampton Kingsthorpe,6.34375,[z],43.7158469945355,Daily
2013,Northampton Kingsthorpe,8.73230769230769,[z],96.1643835616438,Daily
2014,Northampton Kingsthorpe,8.05028735632184,[z],95.3424657534246,Daily
2015,Northampton Kingsthorpe,6.79437673130194,[z],98.9041095890411,Daily
2016,Northampton Kingsthorpe,7.09218181818182,[z],99.1803278688525,Daily
2017,Northampton Kingsthorpe,10.842125,[z],21.9178082191781,Daily
2017,Northampton Spring Park,9.86596359925157,[z],67.1118721461187,Hourly
2018,Northampton Spring Park,10.9952729851099,[z],96.5981735159817,Hourly
2019,Northampton Spring Park,11.5474469573327,[z],97.9223744292238,Hourly
2020,Northampton Spring Park,10.3202121390689,[z],96.5960837887067,Hourly
2021,Northampton Spring Park,10.1014073986805,[z],96.8949771689498,Hourly
2022,Northampton Spring Park,8.16826768507638,[z],97.1461187214612,Hourly
2023,Northampton Spring Park,6.9940713469595,[z],89.9200913242009,Hourly
2024,Northampton Spring Park,6.9950342870655,[z],96.2887067395264,Hourly
2009,Norwich Lakenfields,11.5878514056225,[z],22.7397260273973,Hourly
2010,Norwich Lakenfields,12.6456529691501,[z],93.6187214611872,Hourly
2011,Norwich Lakenfields,14.1373072720651,[z],94.0296803652968,Hourly
2012,Norwich Lakenfields,13.837122579093,[z],94.6379781420765,Hourly
2013,Norwich Lakenfields,13.233691164327,[z],96.7694063926941,Hourly
2014,Norwich Lakenfields,12.0173726052391,[z],87.5913242009132,Hourly
2015,Norwich Lakenfields,11.9556117290192,[z],90.3196347031964,Hourly
2016,Norwich Lakenfields,10.8834742057709,[z],78.1193078324226,Hourly
2017,Norwich Lakenfields,12.0317318035138,[z],95.513698630137,Hourly
2018,Norwich Lakenfields,10.243813050696,[z],89.3949771689498,Hourly
2019,Norwich Lakenfields,10.3342949260042,[z],97.1917808219178,Hourly
2020,Norwich Lakenfields,8.28805229431285,[z],99.4877049180328,Hourly
2021,Norwich Lakenfields,8.54926461286166,[z],97.4543378995434,Hourly
2022,Norwich Lakenfields,8.89252489748096,[z],97.4315068493151,Hourly
2023,Norwich Lakenfields,7.57413554833273,[z],94.8287671232877,Hourly
2024,Norwich Lakenfields,7.20708783154956,[z],97.8597449908925,Hourly
2009,Nottingham Centre,14.0573472204794,[z],90.9703196347032,Hourly
2010,Nottingham Centre,15.8605797967723,[z],76.3926940639269,Hourly
2011,Nottingham Centre,13.2150119241873,[z],90.9474885844749,Hourly
2012,Nottingham Centre,11.5705071455672,[z],90.0159380692168,Hourly
2013,Nottingham Centre,12.2348961978073,[z],97.8767123287671,Hourly
2014,Nottingham Centre,12.2112328422113,[z],90.6506849315069,Hourly
2015,Nottingham Centre,11.4979541397776,[z],83.1392694063927,Hourly
2016,Nottingham Centre,11.9203631185475,[z],95.9357923497268,Hourly
2017,Nottingham Centre,11.57337995338,[z],97.9452054794521,Hourly
2018,Nottingham Centre,9.98720316622691,[z],95.1826484018265,Hourly
2019,Nottingham Centre,10.8331061905321,[z],97.1803652968036,Hourly
2020,Nottingham Centre,8.69906079688573,[z],99.4307832422586,Hourly
2021,Nottingham Centre,8.39268936170213,[z],99.2579908675799,Hourly
2022,Nottingham Centre,10.4306326436782,[z],99.3150684931507,Hourly
2023,Nottingham Centre,10.4730114351058,[z],99.8287671232877,Hourly
2024,Nottingham Kenmore Gardens,8.36639378820007,[z],91.2682149362477,Hourly
2009,Oxford St Ebbes,11.4381968588898,[z],95.2168949771689,Hourly
2010,Oxford St Ebbes,14.3459985751603,[z],96.1415525114155,Hourly
2011,Oxford St Ebbes,11.7511808835788,[z],82.1689497716895,Hourly
2012,Oxford St Ebbes,11.7034785067873,[z],80.5100182149363,Hourly
2013,Oxford St Ebbes,13.7434205721242,[z],93.7785388127854,Hourly
2014,Oxford St Ebbes,9.60855841708543,[z],72.6940639269406,Hourly
2015,Oxford St Ebbes,10.1105296745373,[z],89.4406392694064,Hourly
2016,Oxford St Ebbes,14.1796875,[z],12.3861566484517,Hourly
2017,Oxford St Ebbes,10.8530668777206,[z],86.541095890411,Hourly
2018,Oxford St Ebbes,9.66468423551757,[z],96.1643835616438,Hourly
2019,Oxford St Ebbes,8.93580951812977,[z],95.7077625570776,Hourly
2020,Oxford St Ebbes,6.72151412300683,[z],99.9544626593807,Hourly
2021,Oxford St Ebbes,7.12512602833638,[z],99.9086757990868,Hourly
2022,Oxford St Ebbes,7.48292472012794,[z],99.9315068493151,Hourly
2023,Oxford St Ebbes,5.95510416904626,[z],99.9429223744292,Hourly
2024,Oxford St Ebbes,5.56219761713827,[z],99.3738615664845,Hourly
2024,Peterborough Garton End,7.72588544043816,[z],24.9430783242259,Hourly
2009,Plymouth Centre,10.4877916440586,[z],21.0388127853881,Hourly
2010,Plymouth Centre,11.0213284582572,[z],93.6643835616438,Hourly
2011,Plymouth Centre,10.5908259462502,[z],81.1301369863014,Hourly
2012,Plymouth Centre,12.0102745494357,[z],67.5887978142077,Hourly
2013,Plymouth Centre,12.0067428427926,[z],90.9132420091324,Hourly
2014,Plymouth Centre,11.7297817127156,[z],74.7831050228311,Hourly
2015,Plymouth Centre,11.331393920786,[z],74.3607305936073,Hourly
2016,Plymouth Centre,10.7039119804401,[z],88.4676684881603,Hourly
2017,Plymouth Centre,9.1609040634768,[z],94.9543378995434,Hourly
2018,Plymouth Centre,9.91576737868873,[z],92.4543378995434,Hourly
2019,Plymouth Centre,11.1231899771112,[z],94.7602739726027,Hourly
2020,Plymouth Centre,9.21603166749134,[z],92.0309653916211,Hourly
2021,Plymouth Centre,8.03675558444628,[z],96.5867579908676,Hourly
2022,Plymouth Centre,9.09694004823705,[z],99.3949771689498,Hourly
2023,Plymouth Centre,8.36928923920494,[z],99.9315068493151,Hourly
2024,Plymouth Centre,7.97598005925251,[z],99.9089253187614,Hourly
2009,Portsmouth,11.267669356811,[z],93.3561643835616,Hourly
2010,Portsmouth,12.1477637001984,[z],74.7831050228311,Hourly
2011,Portsmouth,15.8391930155734,[z],96.7579908675799,Hourly
2012,Portsmouth,13.5925565555826,[z],93.6020036429873,Hourly
2013,Portsmouth,13.9364607355262,[z],94.0525114155251,Hourly
2014,Portsmouth,14.1449713716704,[z],91.7123287671233,Hourly
2015,Portsmouth,10.3956961400913,[z],92.5684931506849,Hourly
2016,Portsmouth,11.6262105395548,[z],90.5168488160291,Hourly
2017,Portsmouth,11.1449885583524,[z],74.8287671232877,Hourly
2018,Portsmouth,12.3776881015769,[z],55.7420091324201,Hourly
2019,Portsmouth,8.91467488899852,[z],92.5570776255708,Hourly
2020,Portsmouth,9.39373909830007,[z],15.4030054644809,Hourly
2021,Portsmouth,7.82884994602375,[z],63.4474885844749,Hourly
2022,Portsmouth,9.25929809165622,[z],81.9520547945205,Hourly
2023,Portsmouth,8.49485485896997,[z],99.9657534246575,Hourly
2024,Portsmouth,7.60895578817734,[z],92.4408014571949,Hourly
2009,Preston,11.8630843958713,[z],75.2054794520548,Hourly
2010,Preston,11.3523856249233,[z],93.0707762557078,Hourly
2011,Preston,11.4391062895519,[z],88.3904109589041,Hourly
2012,Preston,11.1240300375469,[z],90.9608378870674,Hourly
2013,Preston,11.625837128315,[z],85.2283105022831,Hourly
2014,Preston,12.122389808171,[z],77.9566210045662,Hourly
2015,Preston,9.95374167093798,[z],89.0867579908676,Hourly
2016,Preston,9.75818203393853,[z],95.9357923497268,Hourly
2017,Preston,8.64757045675413,[z],93.972602739726,Hourly
2018,Preston,9.27939596514265,[z],95.6278538812785,Hourly
2019,Preston,9.38305829228243,[z],97.3287671232877,Hourly
2020,Preston,7.36004695911121,[z],99.3966302367942,Hourly
2021,Preston,7.5242334174891,[z],99.4748858447489,Hourly
2022,Preston,7.86338621556749,[z],99.8744292237443,Hourly
2023,Preston,6.85901451594468,[z],99.8744292237443,Hourly
2024,Preston,6.87617748917749,[z],99.931693989071,Hourly
2009,Reading New Town,12.2952787717881,[z],98.8926940639269,Hourly
2010,Reading New Town,13.3648249683678,[z],81.1986301369863,Hourly
2011,Reading New Town,13.815465519302,[z],95.513698630137,Hourly
2012,Reading New Town,12.2605961807173,[z],97.7686703096539,Hourly
2013,Reading New Town,9.91568677141409,[z],90.0913242009132,Hourly
2014,Reading New Town,9.83195973576596,[z],72.5799086757991,Hourly
2015,Reading New Town,7.42087133941431,[z],95.1141552511416,Hourly
2016,Reading New Town,8.74168712052706,[z],88.1261384335155,Hourly
2017,Reading New Town,9.66620782068461,[z],93.7100456621005,Hourly
2018,Reading New Town,9.11457212713936,[z],93.37899543379,Hourly
2019,Reading New Town,9.51360911270983,[z],38.0821917808219,Hourly
2020,Reading New Town,8.49102876645539,[z],93.3970856102004,Hourly
2021,Reading New Town,7.63495925069943,[z],93.8470319634703,Hourly
2022,Reading New Town,8.28412641621944,[z],95.7191780821918,Hourly
2023,Reading New Town,7.34754004576659,[z],89.7945205479452,Hourly
2024,Reading New Town,6.66902609091945,[z],99.9203096539162,Hourly
2024,Rotherham East Dene,10.0540555335184,[z],28.6999089253188,Hourly
2009,Salford Eccles,13.9897211720227,[z],96.62100456621,Hourly
2010,Salford Eccles,14.9867426589022,[z],92.134703196347,Hourly
2011,Salford Eccles,16.0734477862398,[z],88.4360730593607,Hourly
2012,Salford Eccles,12.776967043658,[z],93.6133879781421,Hourly
2013,Salford Eccles,15.0308720930233,[z],98.1735159817352,Hourly
2014,Salford Eccles,15.4839403774492,[z],94.9657534246575,Hourly
2015,Salford Eccles,10.5862222743809,[z],97.2716894977169,Hourly
2016,Salford Eccles,10.4616930050227,[z],92.9303278688525,Hourly
2017,Salford Eccles,10.7097888675624,[z],95.1598173515982,Hourly
2018,Salford Eccles,10.5616270861833,[z],83.4474885844749,Hourly
2019,Salford Eccles,9.45349543066027,[z],99.9315068493151,Hourly
2020,Salford Eccles,8.3293622379216,[z],99.9089253187614,Hourly
2021,Salford Eccles,8.86234757769653,[z],99.9086757990868,Hourly
2022,Salford Eccles,9.73814450536897,[z],99.9315068493151,Hourly
2023,Salford Eccles,8.62770061728395,[z],99.8630136986301,Hourly
2024,Salford Eccles,9.07682150611359,[z],99.6243169398907,Hourly
2009,Sheffield Centre,14.0369264186804,[z],84.0867579908676,Hourly
2010,Sheffield Centre,15.7243656586722,[z],98.527397260274,Hourly
2011,Sheffield Centre,17.3721509038512,[z],87.1461187214612,Hourly
2012,Sheffield Centre,16.237658674189,[z],96.8579234972678,Hourly
2013,Sheffield Centre,16.8915958451369,[z],60.4452054794521,Hourly
2013,Sheffield Devonshire Green,8.96023489932886,[z],13.6073059360731,Hourly
2014,Sheffield Devonshire Green,12.330833863781,[z],89.6689497716895,Hourly
2015,Sheffield Devonshire Green,9.28679542767048,[z],57.9223744292237,Hourly
2016,Sheffield Devonshire Green,9.50433629395304,[z],93.5678506375228,Hourly
2017,Sheffield Devonshire Green,8.93820255164034,[z],93.9497716894977,Hourly
2018,Sheffield Devonshire Green,11.6355282147316,[z],91.4383561643836,Hourly
2019,Sheffield Devonshire Green,10.4403630498534,[z],97.3173515981735,Hourly
2020,Sheffield Devonshire Green,8.10878836704377,[z],99.6243169398907,Hourly
2021,Sheffield Devonshire Green,7.47601617157931,[z],99.5319634703196,Hourly
2022,Sheffield Devonshire Green,7.98089824602161,[z],98.2762557077626,Hourly
2023,Sheffield Devonshire Green,7.15316645591447,[z],99.3036529680365,Hourly
2024,Sheffield Devonshire Green,7.51634047402005,[z],99.9089253187614,Hourly
2022,Sheffield Tinsley,6.90445947863096,[z],64.3721461187215,Hourly
2023,Sheffield Tinsley,7.29610657622442,[z],99.2922374429224,Hourly
2024,Sheffield Tinsley,7.38476891522334,[z],99.9089253187614,Hourly
2024,Shrewsbury Underdale,6.70455555555556,[z],21.9262295081967,Hourly
2009,Southampton Centre,13.4039275634995,[z],97.0776255707763,Hourly
2010,Southampton Centre,13.2917361637604,[z],75.2853881278539,Hourly
2011,Southampton Centre,15.8433615116857,[z],91.8264840182648,Hourly
2012,Southampton Centre,14.5360179499291,[z],96.4025500910747,Hourly
2013,Southampton Centre,15.0105715969358,[z],96.8607305936073,Hourly
2014,Southampton Centre,14.6720880681818,[z],96.4383561643836,Hourly
2015,Southampton Centre,9.96042547738049,[z],89.0753424657534,Hourly
2016,Southampton Centre,10.6843676814988,[z],38.8888888888889,Hourly
2017,Southampton Centre,11.1524945491856,[z],89.0068493150685,Hourly
2018,Southampton Centre,11.8796396159411,[z],86.7922374429224,Hourly
2019,Southampton Centre,9.62792751409774,[z],97.1689497716895,Hourly
2020,Southampton Centre,8.99273121850664,[z],99.408014571949,Hourly
2021,Southampton Centre,9.07247537572254,[z],98.7442922374429,Hourly
2022,Southampton Centre,9.31704837230628,[z],99.5890410958904,Hourly
2023,Southampton Centre,8.25673211428571,[z],99.8858447488584,Hourly
2024,Southampton Centre,6.9344385325282,[z],99.9203096539162,Hourly
2009,Southend-on-Sea,13.234821876568,[z],91.0045662100457,Hourly
2010,Southend-on-Sea,14.2272780169906,[z],98.0936073059361,Hourly
2011,Southend-on-Sea,12.534027519524,[z],61.3926940639269,Hourly
2012,Southend-on-Sea,9.91217183770883,[z],71.5505464480874,Hourly
2013,Southend-on-Sea,10.6367280747276,[z],87.9908675799087,Hourly
2014,Southend-on-Sea,11.8065903510289,[z],66.0159817351598,Hourly
2015,Southend-on-Sea,10.6242828837431,[z],95.6392694063927,Hourly
2016,Southend-on-Sea,11.7270277109958,[z],89.9704007285975,Hourly
2017,Southend-on-Sea,12.3038575667656,[z],84.634703196347,Hourly
2018,Southend-on-Sea,12.4737513786041,[z],72.4543378995434,Hourly
2019,Southend-on-Sea,10.6645504672897,[z],97.7168949771689,Hourly
2020,Southend-on-Sea,8.47000102564103,[z],99.8975409836066,Hourly
2021,Southend-on-Sea,8.92874977053694,[z],99.4977168949772,Hourly
2022,Southend-on-Sea,8.79714233241506,[z],99.4520547945205,Hourly
2023,Southend-on-Sea,7.75691790272508,[z],99.2808219178082,Hourly
2024,Southend-on-Sea,7.23840709074327,[z],99.8633879781421,Hourly
2009,Stoke-on-Trent Centre,14.8139886139189,[z],98.2534246575343,Hourly
2010,Stoke-on-Trent Centre,16.5195035460993,[z],96.5753424657534,Hourly
2011,Stoke-on-Trent Centre,16.4347303951003,[z],95.0570776255708,Hourly
2012,Stoke-on-Trent Centre,14.50794070937,[z],86.0200364298725,Hourly
2013,Stoke-on-Trent Centre,13.783927940657,[z],96.9520547945205,Hourly
2014,Stoke-on-Trent Centre,13.3542197253433,[z],91.4383561643836,Hourly
2015,Stoke-on-Trent Centre,11.6913246497911,[z],92.8995433789954,Hourly
2016,Stoke-on-Trent Centre,11.666523860526,[z],95.6625683060109,Hourly
2017,Stoke-on-Trent Centre,8.65904449307075,[z],93.9041095890411,Hourly
2018,Stoke-on-Trent Centre,9.44700210161948,[z],92.3401826484018,Hourly
2019,Stoke-on-Trent Centre,9.46984598266573,[z],97.4657534246575,Hourly
2020,Stoke-on-Trent Centre,7.4315121038475,[z],97.3474499089253,Hourly
2021,Stoke-on-Trent Centre,8.13418259365994,[z],99.0296803652968,Hourly
2022,Stoke-on-Trent Centre,8.56532679738562,[z],99.5547945205479,Hourly
2023,Stoke-on-Trent Centre,7.69874380070849,[z],99.8972602739726,Hourly
2024,Stoke-on-Trent Centre,7.25555682206771,[z],99.8747723132969,Hourly
2009,Sunderland Silksworth,9.9437984496124,[z],64.7945205479452,Hourly
2010,Sunderland Silksworth,10.7913116524661,[z],95.1255707762557,Hourly
2011,Sunderland Silksworth,14.8939912643135,[z],96.7009132420091,Hourly
2012,Sunderland Silksworth,9.6529702970297,[z],68.9890710382514,Hourly
2013,Sunderland Silksworth,9.07630385487528,[z],90.6164383561644,Hourly
2014,Sunderland Silksworth,10.2463006806748,[z],77.1461187214612,Hourly
2015,Sunderland Silksworth,7.10353110737449,[z],95.0456621004566,Hourly
2016,Sunderland Silksworth,8.02626953125,[z],93.2604735883424,Hourly
2017,Sunderland Silksworth,7.18114108082257,[z],95.4794520547945,Hourly
2018,Sunderland Silksworth,8.43539318728631,[z],90.148401826484,Hourly
2019,Sunderland Silksworth,9.39820064377682,[z],85.1141552511416,Hourly
2020,Sunderland Silksworth,6.41365534591195,[z],99.5560109289617,Hourly
2021,Sunderland Silksworth,6.37653329473075,[z],98.5730593607306,Hourly
2022,Sunderland Silksworth,7.60438290048265,[z],99.337899543379,Hourly
2023,Sunderland Silksworth,5.73469651022864,[z],94.8630136986301,Hourly
2024,Sunderland Silksworth,6.69155190883191,[z],99.8975409836066,Hourly
2022,Swindon Walcot,6.85082185321853,[z],55.6849315068493,Hourly
2023,Swindon Walcot,6.68480220158239,[z],99.5547945205479,Hourly
2024,Swindon Walcot,6.29452986111111,[z],98.3606557377049,Hourly
2022,Telford Hollinswood,6.1173484813355,[z],49.2351598173516,Hourly
2023,Telford Hollinswood,6.14543139281203,[z],99.4178082191781,Hourly
2024,Telford Hollinswood,6.00094082029019,[z],99.6470856102004,Hourly
2023,Thurrock,8.08637852481221,[z],92.7054794520548,Hourly
2024,Thurrock,7.54941078790655,[z],99.408014571949,Hourly
2022,Warrington,7.19442783690063,[z],95.4680365296804,Hourly
2023,Warrington,7.05420877788555,[z],94.1552511415525,Hourly
2024,Warrington,8.24398418491484,[z],93.5792349726776,Hourly
2009,Wigan Centre,14.3990343652371,[z],80.3881278538813,Hourly
2010,Wigan Centre,19.7625719289467,[z],45.6278538812785,Hourly
2012,Wigan Centre,9,[z],74.077868852459,Hourly
2013,Wigan Centre,12.8092948717949,[z],96.1643835616438,Hourly
2014,Wigan Centre,14.2466323466323,[z],79.8287671232877,Hourly
2015,Wigan Centre,10.7642867901792,[z],75.7876712328767,Hourly
2016,Wigan Centre,10.5886758963436,[z],64.1393442622951,Hourly
2017,Wigan Centre,10.1252115700392,[z],90.3767123287671,Hourly
2018,Wigan Centre,11.6258557367416,[z],77.7054794520548,Hourly
2019,Wigan Centre,9.55629313212928,[z],96.0730593607306,Hourly
2020,Wigan Centre,7.98350507353779,[z],99.8520036429873,Hourly
2021,Wigan Centre,8.38000159963437,[z],99.9086757990868,Hourly
2022,Wigan Centre,9.10484792047532,[z],99.9086757990868,Hourly
2023,Wigan Centre,7.53758070416095,[z],99.8630136986301,Hourly
2024,Wigan Centre,7.50350997679814,[z],98.1329690346084,Hourly
2009,Wirral Tranmere,8.50624455416788,[z],78.6073059360731,Hourly
2010,Wirral Tranmere,8.92143467122118,[z],93.5730593607306,Hourly
2011,Wirral Tranmere,10.0832743571597,[z],96.7808219178082,Hourly
2012,Wirral Tranmere,9.67192026886082,[z],98.2354280510018,Hourly
2013,Wirral Tranmere,10.7523549650018,[z],96.2214611872146,Hourly
2014,Wirral Tranmere,8.36755711775044,[z],64.9543378995434,Hourly
2015,Wirral Tranmere,7.2038310995137,[z],96.2442922374429,Hourly
2016,Wirral Tranmere,7.88756495468278,[z],94.2053734061931,Hourly
2017,Wirral Tranmere,6.89490078171978,[z],94.9200913242009,Hourly
2018,Wirral Tranmere,8.37605787937743,[z],93.8812785388128,Hourly
2019,Wirral Tranmere,8.01962722661319,[z],96.7694063926941,Hourly
2020,Wirral Tranmere,7.08676840297653,[z],99.4421675774135,Hourly
2021,Wirral Tranmere,7.1229875,[z],99.5433789954338,Hourly
2022,Wirral Tranmere,7.8338,[z],98.3447488584475,Hourly
2023,Wirral Tranmere,6.55182200460829,[z],99.0867579908676,Hourly
2024,Wirral Tranmere,7.00684672364672,[z],99.8975409836066,Hourly
2024,Worthing East Ten Acres,8.58513787878788,[z],37.568306010929,Hourly
2009,York Bootham,12.3135622615331,[z],98.7328767123288,Hourly
2010,York Bootham,13.5887577421994,[z],97.6826484018265,Hourly
2011,York Bootham,16.701300924341,[z],66.689497716895,Hourly
2012,York Bootham,10.1795640641218,[z],98.7135701275046,Hourly
2013,York Bootham,11.4890686332818,[z],95.9703196347032,Hourly
2014,York Bootham,12.4230473751601,[z],98.0707762557078,Hourly
2015,York Bootham,10.1895759717314,[z],96.9178082191781,Hourly
2016,York Bootham,9.80171858216971,[z],84.7905282331512,Hourly
2017,York Bootham,8.73834484459793,[z],92.5570776255708,Hourly
2018,York Bootham,10.7648584060222,[z],95.5365296803653,Hourly
2019,York Bootham,11.088134166867,[z],94.9543378995434,Hourly
2020,York Bootham,8.62350916021148,[z],92.5887978142077,Hourly
2021,York Bootham,8.36726329442283,[z],88.013698630137,Hourly
2022,York Bootham,8.21792022458767,[z],97.5913242009132,Hourly
2023,York Bootham,7.41636554376967,[z],97.9337899543379,Hourly
2024,York Bootham,7.73000707714083,[z],96.516393442623,Hourly
,,,,,
,,,,,
,,,,,
,,,,,
,,,,,
,,,,,
,,,,,
,,,,,
,,,,,
,,,,,
,,,,,
,,,,,
,,,,,
,,,,,
,,,,,
,,,,,
,,,,,
,,,,,
,,,,,
,,,,,
,,,,,
,,,,,
,,,,,
,,,,,
,,,,,
,,,,,
,,,,,
,,,,,
,,,,,
,,,,,
,,,,,
,,,,,
,,,,,
,,,,,
,,,,,
,,,,,
,,,,,
1. Annual means from individual monitoring sites are included in calculating the annual mean for ‘All sites’ if at least 75% data capture is achieved for the year concerned.,,,,,
2. The bounds of the 95% confidence interval can be obtained by adding/subtracting the values in column D from those in column C. This obtains the upper/lower bound respectively.,,,,,
3. Annual means from individual monitoring sites should be rounded to the nearest integer for reporting. Means have been left unrounded to allow users to compile means across multiple sites.,,,,,
"4. The data used contain both automatic hourly measured PM10 (the majority) and gravimetric daily measured PM10 for the small number of sites which use these techniques. There have been 8 sites at which the two were co-located for one or more years: Auchencorth Moss (rural), Belfast Centre (urban background), Birmingham Centre (urban background), Chilbolton Observatory (rural), Harwell (rural), London Marylebone Road (urban traffic), London North Kensington (urban background), and Manchester Piccadilly (urban background). In these cases the annual mean based on the automatic (hourly) dataset has been given priority, and is used in preference to the gravimetric (daily) value. The gravimetric value in only included where data capture for the automatic technique is less than 75%.",,,,,
